icao,iata,shortName,fullName,municipalityName,timeZone,location.lat,location.lon,elevation.meter,elevation.km,elevation.mile,elevation.nm,elevation.feet,country.code,country.name,continent.code,continent.name,urls.webSite,urls.wikipedia,urls.flightRadar,urls.googleMaps,urls.twitter,urls.liveAtc
VIDP,DEL,Indira Gandhi,New Delhi Indira Gandhi,New Delhi,Asia/Kolkata,28.5665,77.1031,236.83,0.24,0.15,0.13,777.0,IN,India,AS,Asia,http://www.newdelhiairport.in/,https://en.wikipedia.org/wiki/Indira_Gandhi_International_Airport,"https://www.flightradar24.com/28.57,77.10/14","https://www.google.com/maps/@28.566499,77.103103,14z",,
VABB,BOM,Chhatrapati Shivaji,Mumbai Chhatrapati Shivaji,Mumbai,Asia/Kolkata,19.0887,72.8679,11.89,0.01,0.01,0.01,39.0,IN,India,AS,Asia,https://csmia.adaniairports.com/,https://en.wikipedia.org/wiki/Chhatrapati_Shivaji_International_Airport,"https://www.flightradar24.com/19.09,72.87/14","https://www.google.com/maps/@19.088699,72.867897,14z",,
VOBL,BLR,Bengaluru,Bangalore Bengaluru,Bangalore,Asia/Kolkata,13.197899,77.7063,914.4,0.91,0.57,0.49,3000.0,IN,India,AS,Asia,https://www.bengaluruairport.com/,https://en.wikipedia.org/wiki/Bengaluru_International_Airport,"https://www.flightradar24.com/13.20,77.71/14","https://www.google.com/maps/@13.197899,77.706298,14z",https://x.com/BLRAirport,
VOMM,MAA,Chennai,Chennai,Chennai,Asia/Kolkata,12.990005,80.1693,15.85,0.02,0.01,0.01,52.0,IN,India,AS,Asia,,https://en.wikipedia.org/wiki/Chennai_International_Airport,"https://www.flightradar24.com/12.99,80.17/14","https://www.google.com/maps/@12.990005,80.169296,14z",,
VOHS,HYD,Rajiv Gandhi,Hyderabad Rajiv Gandhi,Hyderabad,Asia/Kolkata,17.231318,78.429855,616.92,0.62,0.38,0.33,2024.0,IN,India,AS,Asia,http://www.shamshabadairport.com/,https://en.wikipedia.org/wiki/Rajiv_Gandhi_International_Airport,"https://www.flightradar24.com/17.23,78.43/14","https://www.google.com/maps/@17.231317,78.429855,14z",,
VOML,IXE,Mangalore,Mangalore,Mangalore,Asia/Kolkata,12.961299,74.8901,102.72,0.1,0.06,0.06,337.0,IN,India,AS,Asia,,https://en.wikipedia.org/wiki/Mangalore_International_Airport,"https://www.flightradar24.com/12.96,74.89/14","https://www.google.com/maps/@12.961299,74.890098,14z",,
VIBN,VNS,Lal Bahadur Shastri,Varanasi Lal Bahadur Shastri,Varanasi,Asia/Kolkata,25.4524,82.8593,81.08,0.08,0.05,0.04,266.0,IN,India,AS,Asia,,https://en.wikipedia.org/wiki/Varanasi_Airport,"https://www.flightradar24.com/25.45,82.86/14","https://www.google.com/maps/@25.452400,82.859298,14z",,
VAAH,AMD,Sardar Vallabhbhai Patel,Ahmedabad Sardar Vallabhbhai Patel,Ahmedabad,Asia/Kolkata,23.0772,72.6347,57.61,0.06,0.04,0.03,189.0,IN,India,AS,Asia,,https://en.wikipedia.org/wiki/Sardar_Vallabhbhai_Patel_International_Airport,"https://www.flightradar24.com/23.08,72.63/14","https://www.google.com/maps/@23.077199,72.634696,14z",,
EGLL,LHR,Heathrow,London Heathrow,London,Europe/London,51.4706,-0.461941,25.3,0.03,0.02,0.01,83.0,GB,United Kingdom,EU,Europe,http://www.heathrow.com/,https://en.wikipedia.org/wiki/London_Heathrow_Airport,"https://www.flightradar24.com/51.47,-0.46/14","https://www.google.com/maps/@51.470600,-0.461941,14z",https://x.com/HeathrowAirport,
KJFK,JFK,John F Kennedy,New York John F Kennedy,New York,America/New_York,40.6398,-73.7789,3.96,0.0,0.0,0.0,13.0,US,United States,NA,North America,http://www.panynj.gov/airports/jfk.html,https://en.wikipedia.org/wiki/John_F._Kennedy_International_Airport,"https://www.flightradar24.com/40.64,-73.78/14","https://www.google.com/maps/@40.639801,-73.778900,14z",https://x.com/JFKairport,https://www.liveatc.net/search/?icao=KJFK
OMDB,DXB,Dubai,Dubai,Dubai,Asia/Dubai,25.252798,55.3644,18.9,0.02,0.01,0.01,62.0,AE,United Arab Emirates,AS,Asia,http://www.dubaiairports.ae/,https://en.wikipedia.org/wiki/Dubai_International_Airport,"https://www.flightradar24.com/25.25,55.36/14","https://www.google.com/maps/@25.252799,55.364398,14z",https://x.com/DubaiAirports,
OMAA,AUH,Abu Dhabi,Abu Dhabi Island and Internal Islands City Abu Dhabi,Abu Dhabi Island and Internal Islands City,Asia/Dubai,24.433,54.6511,26.82,0.03,0.02,0.01,88.0,AE,United Arab Emirates,AS,Asia,http://www.abudhabiairport.ae/,https://en.wikipedia.org/wiki/Abu_Dhabi_International_Airport,"https://www.flightradar24.com/24.43,54.65/14","https://www.google.com/maps/@24.433000,54.651100,14z",,
LFPG,CDG,Charles de Gaulle,Paris Charles de Gaulle,Paris,Europe/Paris,49.0128,2.549999,119.48,0.12,0.07,0.06,392.0,FR,France,EU,Europe,http://www.parisaeroport.fr/,https://en.wikipedia.org/wiki/Charles_de_Gaulle_International_Airport,"https://www.flightradar24.com/49.01,2.55/14","https://www.google.com/maps/@49.012798,2.549999,14z",https://x.com/ParisAeroport,https://www.liveatc.net/search/?icao=LFPG
KLAX,LAX,Los Angeles,Los Angeles,Los Angeles,America/Los_Angeles,33.9425,-118.408,38.1,0.04,0.02,0.02,125.0,US,United States,NA,North America,http://www.airport-la.com/,https://en.wikipedia.org/wiki/Los_Angeles_International_Airport,"https://www.flightradar24.com/33.94,-118.41/14","https://www.google.com/maps/@33.942501,-118.407997,14z",https://x.com/LAX_Official,https://www.liveatc.net/search/?icao=KLAX
KSFO,SFO,San Francisco,San Francisco,San Francisco,America/Los_Angeles,37.619,-122.375,3.96,0.0,0.0,0.0,13.0,US,United States,NA,North America,https://www.flysfo.com/,https://en.wikipedia.org/wiki/San_Francisco_International_Airport,"https://www.flightradar24.com/37.62,-122.38/14","https://www.google.com/maps/@37.618999,-122.375000,14z",https://x.com/flySFO,https://www.liveatc.net/search/?icao=KSFO
